"Reference","Qty","Value","Voltage","Dielectric","Footprint","MPN","DNP","Exclude from BOM","Alt_MPN","RoHS","Mouser_PN","DigiKey_PN","Distributor link","Alt_link","Tolerance","Power","Exclude from Board","Exclude from Simulation","Exclude from Position Files","Datasheet"
"C1,C2,C6,C7,C15,C17,C18,C23","8","0.1u","16","X7R","Capacitor_SMD:C_0402_1005Metric","GRM155R71H104KE14D","","","","Compliant","81-GRM155R71H104KE4D","490-10700-1-ND","https://www.mouser.pl/en/ProductDetail/Murata-Electronics/GRM155R71H104KE14D?qs=2UZY3JfgLCy9gG9icKV9Yg%3D%3D","https://www.digikey.pl/en/products/detail/murata-electronics/GRM155R71H104KE14D/4906220","","","","","${EXCLUDE_FROM_POS_FILES}",""
"C3,C4,C9,C10,C11","5","10u","16","X5R","Capacitor_SMD:C_0603_1608Metric","GRM188R61E106MA73J","","","","Compliant","81-GRM188R61E106MA3J","1276-1869-1-ND","https://www.mouser.pl/en/ProductDetail/Murata-Electronics/GRM188R61E106MA73J?qs=hNud%2FORuBR2%252B%252BY67hhW1nA%3D%3D","https://www.digikey.pl/en/products/detail/samsung-electro-mechanics/CL10A106MA8NRNC/3887527","","","","","${EXCLUDE_FROM_POS_FILES}",""
"C5","1","1u","10","X7R","Capacitor_SMD:C_0603_1608Metric","MLAST168SB7105KTNA01","","","","Compliant","963-MLAST168SB7105KT","587-MLAST168SB7105KTNA01CT-ND ","https://www.mouser.pl/en/ProductDetail/TAIYO-YUDEN/MLAST168SB7105KTNA01?qs=tlsG%2FOw5FFhx%252B2apRN1HpA%3D%3D","https://www.digikey.pl/en/products/detail/taiyo-yuden/MLAST168SB7105KTNA01/16665343","","","","","${EXCLUDE_FROM_POS_FILES}",""
"C8","1","100p","25","C0G","Capacitor_SMD:C_0402_1005Metric","GRM1555C2A101GA01D","","","","Compliant","81-GRM1555C2A101GA1D","490-GRM1555C2A101GA01DCT-ND","https://www.mouser.pl/en/ProductDetail/Murata-Electronics/GRM1555C2A101GA01D?qs=hNud%2FORuBR2mSE1RPo5yOg%3D%3D","https://www.digikey.pl/en/products/detail/murata-electronics/GRM1555C2A101GA01D/17843758","","","","","${EXCLUDE_FROM_POS_FILES}",""
"C12,C13,C19,C20","4","22u","16","X5R","Capacitor_SMD:C_0805_2012Metric","GRM219R61C226ME15K","","","","Compliant","81-GRM219R61C226ME1K","490-GRM219R61C226ME15KCT-ND","https://www.mouser.pl/en/ProductDetail/Murata-Electronics/GRM219R61C226ME15K?qs=F5EMLAvA7IDHNVqFg3MF1Q%3D%3D","https://www.digikey.pl/en/products/detail/murata-electronics/GRM219R61C226ME15K/11618740","","","","","${EXCLUDE_FROM_POS_FILES}",""
"C14","1","10n","25","X7R","Capacitor_SMD:C_0402_1005Metric","CL05B103KB5NNNC","","","","Compliant","187-CL05B103KB5NNNC","1276-1028-1-ND ","https://www.mouser.pl/en/ProductDetail/Samsung-Electro-Mechanics/CL05B103KB5NNNC?qs=349EhDEZ59pcaIbMQHo3bQ%3D%3D","https://www.digikey.pl/en/products/detail/samsung-electro-mechanics/CL05B103KB5NNNC/3886686","","","","","${EXCLUDE_FROM_POS_FILES}",""
"C16,C21","2","220p","25","C0G","Capacitor_SMD:C_0402_1005Metric","C0402C221J2GACTU","DNP","","","Compliant","80-C0402C221J2GACTU","399-C0402C221J2GACTUCT-ND","https://www.mouser.pl/en/ProductDetail/KEMET/C0402C221J2GACTU?qs=WyjlAZoYn52wza2weOA0ZQ%3D%3D","https://www.digikey.pl/en/products/detail/kemet/C0402C221J2GACTU/18195347","","","","","${EXCLUDE_FROM_POS_FILES}",""
"C22","1","220p","25","C0G","Capacitor_SMD:C_0402_1005Metric","C0402C221J2GACTU","","","","Compliant","80-C0402C221J2GACTU","399-C0402C221J2GACTUCT-ND","https://www.mouser.pl/en/ProductDetail/KEMET/C0402C221J2GACTU?qs=WyjlAZoYn52wza2weOA0ZQ%3D%3D","https://www.digikey.pl/en/products/detail/kemet/C0402C221J2GACTU/18195347","","","","","${EXCLUDE_FROM_POS_FILES}",""
"J1","1","FH34SRJ-34S-0.5SH(50)","","","ReThink_footprints:FH34SRJ-34S-0.5SH(50)","FH34SRJ-34S-0.5SH(50)","","","","Compliant","798-FH34SRJ34S05SH50","26-FH34SRJ-34S-0.5SH(50)CT-ND","https://www.mouser.pl/en/ProductDetail/Hirose-Connector/FH34SRJ-34S-0.5SH50?qs=iyLo5FA4poAumYnqXazWvw%3D%3D","https://www.digikey.pl/en/products/detail/hirose-electric-co-ltd/FH34SRJ-34S-0-5SH-50/5132530","","","","","${EXCLUDE_FROM_POS_FILES}",""
"J2","1","FH34SRJ-6S-0.5SH(50)","","","ReThink_footprints:FH34SRJ-6S-0.5SH(50)","FH34SRJ-6S-0.5SH(50)","","","","Compliant","798-FH34SRJ6S05SH50","H125773CT-ND","https://www.mouser.pl/en/ProductDetail/Hirose-Connector/FH34SRJ-6S-0.5SH50?qs=vnk2wBG9e15jF3vv7p0sbw%3D%3D","https://www.digikey.pl/en/products/detail/hirose-electric-co-ltd/FH34SRJ-6S-0-5SH-50/4283771","","","","","${EXCLUDE_FROM_POS_FILES}",""
"J3","1","Mezzanine","","","ReThink_footprints:Mezzanine_combo","AA01B-S040VA1","","","0543630489","UNKNOWN","","WM6787CT-ND ","https://www.questcomp.com/part/4/aa01b-s040va1-r3000/434153986","https://www.digikey.pl/en/products/detail/molex/0543630489/3044861","","","","","${EXCLUDE_FROM_POS_FILES}","https://www.molex.com/en-us/products/part-detail-pdf/543630489?display=pdf"
"J4","1","XF3M(1)-3015-1B","","","ReThink_footprints:XF3M(1)-3015-1B","XF3M(1)-3015-1B","","","","Compliant","653-XF3M1-3015-1B","OR1179CT-ND","https://www.mouser.pl/en/ProductDetail/Omron-Electronics/XF3M1-3015-1B?qs=1He0yLMpldDsC1Cgk53qLQ%3D%3D","https://www.digikey.pl/en/products/detail/aratas-formerly-omron-components/XF3M-1-3015-1B/4331813","","","","","${EXCLUDE_FROM_POS_FILES}",""
"J5","1","XF3M(1)-0815-1B","","","ReThink_footprints:XF3M(1)-0815-1B","XF3M(1)-0815-1B","","","","Compliant","653-XF3M108151B","OR1222CT-ND","https://www.mouser.pl/en/ProductDetail/Omron-Electronics/XF3M1-0815-1B?qs=q%2FTJjBi8OU92LX9jQs7B8Q%3D%3D","https://www.digikey.pl/en/products/detail/aratas-formerly-omron-components/XF3M-1-0815-1B/4975954","","","","","${EXCLUDE_FROM_POS_FILES}",""
"J6","1","FH34SRJ-40S-0.5SH(50)","","","ReThink_footprints:FH34SRJ-40S-0.5SH(50)","FH34SRJ-40S-0.5SH(50)","","","","Compliant","798-FH34SRJ40S05SH50","H125755CT-ND","https://www.mouser.pl/en/ProductDetail/Hirose-Connector/FH34SRJ-40S-0.5SH50?qs=iyLo5FA4poDa6AcLdJDWMw%3D%3D","https://www.digikey.pl/en/products/detail/hirose-electric-co-ltd/FH34SRJ-40S-0-5SH-50/5132532","","","","","${EXCLUDE_FROM_POS_FILES}",""
"J7","1","FH52-40S-0.5SH","","","ReThink_footprints:FH52-40S-0.5SH","FH52-40S-0.5SH","","","","Compliant","798-FH5240S0.5SH","HFZ040CT-ND","https://www.mouser.pl/en/ProductDetail/Hirose-Connector/FH52-40S-0.5SH?qs=x%2FqqGkZFGGusKc6kcNGZEQ%3D%3D","https://www.digikey.pl/en/products/detail/hirose-electric-co-ltd/FH52-40S-0-5SH-99/3461668","","","","","${EXCLUDE_FROM_POS_FILES}",""
"J8","1","XF3M(1)-1415-1B","","","ReThink_footprints:XF3M(1)-1415-1B","XF3M(1)-1415-1B","","","","Compliant","653-XF3M114151B","Z5875CT-ND","https://www.mouser.pl/en/ProductDetail/Omron-Electronics/XF3M1-1415-1B?qs=0q6jlcGHEi2cMtnOEJgNDA%3D%3D","https://www.digikey.pl/en/products/detail/aratas-formerly-omron-components/XF3M-1-1415-1B/6072100","","","","","${EXCLUDE_FROM_POS_FILES}",""
"L1","1","1u","","","ReThink_footprints:L_0806_2016Metric","IHHP0806ZHER1R0M01","","","","Compliant","70-IHHP0806ZHR1R0M01","541-IHHP0806ZHER1R0M01CT-ND ","https://www.mouser.pl/en/ProductDetail/Vishay-Dale/IHHP0806ZHER1R0M01?qs=tlsG%2FOw5FFg%2FJRP1dsWtCQ%3D%3D","https://www.digikey.pl/en/products/detail/vishay-dale/IHHP0806ZHER1R0M01/16583532","","","","","${EXCLUDE_FROM_POS_FILES}",""
"R1,R2,R3,R4,R14,R22","6","10k","","","Resistor_SMD:R_0402_1005Metric","RC0402FR-0710KP","","","","Compliant","603-RC0402FR-0710KP","YAG1249CT-ND","https://www.mouser.pl/en/ProductDetail/YAGEO/RC0402FR-0710KP?qs=sGAEpiMZZMvdGkrng054t13tJqN5M%252BREKOYRSuYZ7f8jdvCZEQt%2FIA%3D%3D","https://www.digikey.pl/en/products/detail/yageo/RC0402FR-0710KP/4935264","","","","","${EXCLUDE_FROM_POS_FILES}",""
"R5","1","200k","","","Resistor_SMD:R_0402_1005Metric","RC0402FR-07200KP","","","","Compliant","603-RC0402FR-07200KP","13-RC0402FR-07200KPCT-ND","https://www.mouser.pl/en/ProductDetail/YAGEO/RC0402FR-07200KP?qs=sGAEpiMZZMvdGkrng054tz1y1XEHv7sN9bbSO1wU1sP%2F5NCOBuCxvQ%3D%3D","https://www.digikey.pl/en/products/detail/yageo/RC0402FR-07200KP/17020059","","","","","${EXCLUDE_FROM_POS_FILES}",""
"R6,R7,R8,R9","4","4.7k","","","Resistor_SMD:R_0402_1005Metric","RC0402FR-074K7P","","","","Compliant","603-RC0402FR-074K7P","YAG1272CT-ND ","https://www.mouser.pl/en/ProductDetail/YAGEO/RC0402FR-074K7P?qs=sGAEpiMZZMvdGkrng054t13tJqN5M%252BREcGqGGCiJ%252BDl0Vd%2FjVF7Tmg%3D%3D","https://www.digikey.pl/en/products/detail/yageo/RC0402FR-074K7P/4935287","","","","","${EXCLUDE_FROM_POS_FILES}",""
"R10","1","2.2k","","","Resistor_SMD:R_0402_1005Metric","RC0402FR-072K2P","","","","Compliant","603-RC0402FR-072K2P","YAG1260CT-ND ","https://www.mouser.pl/en/ProductDetail/YAGEO/RC0402FR-072K2P?qs=sGAEpiMZZMvdGkrng054t13tJqN5M%252BREH6rJTmYAlitlOFQFFWq%2F4w%3D%3D","https://www.digikey.pl/en/products/detail/yageo/RC0402FR-072K2P/4935275","","","","","${EXCLUDE_FROM_POS_FILES}",""
"R11","1","560","","","Resistor_SMD:R_0402_1005Metric","RC0402FR-07560RL","","","","Exemption","603-RC0402FR-07560RL","311-560LRCT-ND ","https://www.mouser.pl/en/ProductDetail/YAGEO/RC0402FR-07560RL?qs=Is6ZsIPfHkaar5c8drXNXg%3D%3D","https://www.digikey.pl/en/products/detail/yageo/RC0402FR-07560RL/726638","","","","","${EXCLUDE_FROM_POS_FILES}",""
"R12","1","220","","","Resistor_SMD:R_0402_1005Metric","RC0402FR-07220RP","","","","Compliant","603-RC0402FR-07220RP","13-RC0402FR-07220RPCT-ND ","https://www.mouser.pl/en/ProductDetail/YAGEO/RC0402FR-07220RP?qs=sGAEpiMZZMvdGkrng054tz1y1XEHv7sNzw2W%252B5vV9IfOunlDff%252BV6g%3D%3D","https://www.digikey.pl/en/products/detail/yageo/RC0402FR-07220RP/17015787","","","","","${EXCLUDE_FROM_POS_FILES}",""
"R13","1","330","","","Resistor_SMD:R_0402_1005Metric","RC0402FR-07330RL","","","","Exemption","603-RC0402FR-07330RL","311-330LRCT-ND ","https://www.mouser.pl/en/ProductDetail/YAGEO/RC0402FR-07330RL?qs=V1yeUXFNrkngRWHRQxns%2Fg%3D%3D","https://www.digikey.pl/en/products/detail/yageo/RC0402FR-07330RL/726594","","","","","${EXCLUDE_FROM_POS_FILES}",""
"R15,R16","2","3.9k","","","Resistor_SMD:R_0402_1005Metric","RC0402FR-073K9L","","","","Exemption","603-RC0402FR-073K9L","311-3.90KLRCT-ND ","https://www.mouser.pl/en/ProductDetail/YAGEO/RC0402FR-073K9L?qs=YUgVZYePFqAZ%2F08ApUOsXg%3D%3D","https://www.digikey.pl/en/products/detail/yageo/RC0402FR-073K9L/726584","","","","","${EXCLUDE_FROM_POS_FILES}",""
"R17,R18,R19,R20,R21","5","100","","","Resistor_SMD:R_0402_1005Metric","RC0402FR-07100RP","","","","Compliant","603-RC0402FR-07100RP","YAG1248CT-ND","https://www.mouser.pl/en/ProductDetail/YAGEO/RC0402FR-07100RP?qs=sGAEpiMZZMvdGkrng054t13tJqN5M%252BREdHGUa6t%252BNH7oieKNBZcnxg%3D%3D","https://www.digikey.pl/en/products/detail/yageo/RC0402FR-07100RP/4935263","","","","","${EXCLUDE_FROM_POS_FILES}",""
"R23","1","10k","","","Resistor_SMD:R_0402_1005Metric","RC0402FR-0710KP","DNP","","","Compliant","603-RC0402FR-0710KP","YAG1249CT-ND","https://www.mouser.pl/en/ProductDetail/YAGEO/RC0402FR-0710KP?qs=sGAEpiMZZMvdGkrng054t13tJqN5M%252BREKOYRSuYZ7f8jdvCZEQt%2FIA%3D%3D","https://www.digikey.pl/en/products/detail/yageo/RC0402FR-0710KP/4935264","","","","","${EXCLUDE_FROM_POS_FILES}",""
"R24","1","100k","","","Resistor_SMD:R_0402_1005Metric","RC0402FR-07100KP","","","","Compliant","603-RC0402FR-07100KP","13-RC0402FR-07100KPCT-ND","https://www.mouser.pl/en/ProductDetail/YAGEO/RC0402FR-07100KP?qs=qpJ%252B%252B%252Bdg6p0q%252ByEBEtQROQ%3D%3D","https://www.digikey.pl/en/products/detail/yageo/RC0402FR-07100KP/12698883","","","","","${EXCLUDE_FROM_POS_FILES}",""
"U1","1","PCAL6416AHF","","","Package_DFN_QFN:HVQFN-24-1EP_4x4mm_P0.5mm_EP2.1x2.1mm","PCAL6416AHF,128","","","","Compliant","771-PCAL6416AHF,128","568-9946-1-ND","https://www.mouser.pl/en/ProductDetail/NXP-Semiconductors/PCAL6416AHF128?qs=Slg7U9gp9IPc62MTs1NATQ%3D%3D","https://www.digikey.pl/en/products/detail/nxp-usa-inc/PCAL6416AHF-128/3598043","","","","","${EXCLUDE_FROM_POS_FILES}","https://www.nxp.com/docs/en/data-sheet/PCAL6416A.pdf"
"U2","1","LM2775DSG","","","Package_SON:Texas_DSG0008A_WSON-8-1EP_2x2mm_P0.5mm_EP0.9x1.6mm","LM2775DSGT","","","","Compliant","595-LM2775DSGT","296-42149-1-ND","https://www.mouser.pl/en/ProductDetail/Texas-Instruments/LM2775DSGT?qs=GURawfaeGuC8OeiXDzqVsg%3D%3D","https://www.digikey.pl/en/products/detail/texas-instruments/LM2775DSGT/5287374","","","","","${EXCLUDE_FROM_POS_FILES}","https://www.ti.com/lit/gpn/lm2775"
"U3","1","PCA9306","","","Package_SO:VSSOP-8_2.3x2mm_P0.5mm","PCA9306DCUR","","","","Compliant","595-PCA9306DCUR","296-17988-1-ND","https://www.mouser.pl/en/ProductDetail/Texas-Instruments/PCA9306DCUR?qs=wgAEGBTxy7nQr5PRxNBUNA%3D%3D","https://www.digikey.pl/en/products/detail/texas-instruments/PCA9306DCUR/768359","","","","","${EXCLUDE_FROM_POS_FILES}","http://www.ti.com/lit/ds/symlink/pca9306.pdf"
"U4","1","TPS610333DRLR","","","Package_TO_SOT_SMD:SOT-583-8","TPS610333DRLR","","","","Compliant","595-TPS610333DRLR","296-TPS610333DRLRCT-ND","https://www.mouser.pl/en/ProductDetail/Texas-Instruments/TPS610333DRLR?qs=HoCaDK9Nz5dzV%252Bptf%2FLKkg%3D%3D","https://www.digikey.pl/en/products/detail/texas-instruments/TPS610333DRLR/22106777","","","","","${EXCLUDE_FROM_POS_FILES}","https://www.ti.com/lit/gpn/tps610333"
